Site,mean_chl_mg_m3,max_chl_mg_m3,min_chl_mg_m3,mean_sst_C,max_sst_C,min_sst_C,dist_200m_bath,DepthZone,giantkelp_stipe_density_m2,giantkelp_plant_density_m2,Relief_index,Relief_SD,Relief_simpson,Substrate_index,Substrate_SD,Substrate_simpson,Latitude,Longitude,BO_sstmax,BO_sstmean,BO_sstmin,BO_sstseas
ANACAPA_EAST_FISH_CAMP_CEN,1.49781360364031,5.22824050445293,0.395522829916674,17.2764705882353,21.16875,13.9125,1451.92555332031,INNER,5.38932291666667,1.28697916666667,0.289166666666667,0.471838130376148,0.316129032258065,3.70583333333333,0.54294965457564,0.287813620071685,34.001583,-119.398067,19.1720008850098,15.951000213623,13.6619997024536,5.51000022888184
ANACAPA_EAST_FISH_CAMP_CEN,1.49781360364031,5.22824050445293,0.395522829916674,17.2764705882353,21.16875,13.9125,1451.92555332031,OUTER,0,0,0.0556666666666667,0.154024407031076,0.0974910394265233,3.61066666666667,0.631466785315168,0.308243727598566,34.001583,-119.398067,19.1720008850098,15.951000213623,13.6619997024536,5.51000022888184
ANACAPA_EAST_FISH_CAMP_E,1.76200662662554,6.93360488937242,0.38375224927065,17.1935294117647,20.83125,14.19375,1768.70140949062,INNER,0.842307692307692,0.225,0.283166666666667,0.448392694036812,0.332616487455197,3.52766666666667,0.607541254767338,0.488172043010753,34.0045,-119.385783,19.1720008850098,15.951000213623,13.6619997024536,5.51000022888184
ANACAPA_EAST_FISH_CAMP_E,1.76200662662554,6.93360488937242,0.38375224927065,17.1935294117647,20.83125,14.19375,1768.70140949062,OUTER,0,0,0.127666666666667,0.254625391324885,0.2,3.69416666666667,0.554706774090433,0.320071684587814,34.0045,-119.385783,19.1720008850098,15.951000213623,13.6619997024536,5.51000022888184
ANACAPA_EAST_FISH_CAMP_W,1.88787251668553,5.5193494875882,0.417649834744813,17.0295180722892,21.05625,13.81875,1690.04017445576,INNER,5.96371527777778,0.7953125,0.0333333333333333,0.092247258763293,0.0573476702508961,3.411,0.986730804026029,0.337275985663083,34.003083,-119.404167,19.1720008850098,15.951000213623,13.6619997024536,5.51000022888184
ANACAPA_EAST_FISH_CAMP_W,1.88787251668553,5.5193494875882,0.417649834744813,17.0295180722892,21.05625,13.81875,1690.04017445576,OUTER,0.455555555555556,0.156944444444444,0.1835,0.3530323532758,0.247311827956989,3.412,0.995156152454626,0.330824372759857,34.003083,-119.404167,19.1720008850098,15.951000213623,13.6619997024536,5.51000022888184
ANACAPA_EAST_ISLE_CEN,1.44205497048757,4.22989781610611,0.55009147759185,16.990625,20.98125,14.109375,2815.537378001,INNER,6.67905405405405,1.57454954954955,1.2856875,0.665260280582199,0.51733870967742,3.8854375,0.219753969998221,0.145430107526882,34.017667,-119.363683,19.1720008850098,15.951000213623,13.6619997024536,5.51000022888184
ANACAPA_EAST_ISLE_CEN,1.44205497048757,4.22989781610611,0.55009147759185,16.990625,20.98125,14.109375,2815.537378001,OUTER,5.07342105263158,1.02236842105263,0.2081875,0.343061128819411,0.238306451612903,3.2521875,0.789935277005983,0.546370967741936,34.017667,-119.363683,19.1720008850098,15.951000213623,13.6619997024536,5.51000022888184
ANACAPA_EAST_ISLE_E,1.77954358857765,8.7082973610653,0.362100000589765,17.1538043478261,21.375,14.11875,2641.49644977728,INNER,4.49922928709056,0.954383429672447,1.097875,0.460808701930532,0.319086021505376,3.87675,0.229585255464125,0.136424731182796,34.017033,-119.361133,19.1720008850098,15.951000213623,13.6619997024536,5.51000022888184
ANACAPA_EAST_ISLE_E,1.77954358857765,8.7082973610653,0.362100000589765,17.1538043478261,21.375,14.11875,2641.49644977728,OUTER,3.33205128205128,0.758547008547009,0.3686875,0.407353867476658,0.30510752688172,3.152125,0.813710916117573,0.530376344086021,34.017033,-119.361133,19.1720008850098,15.951000213623,13.6619997024536,5.51000022888184
ANACAPA_EAST_ISLE_W,1.40997906570529,3.7547369966838,0.490213585626931,17.0410112359551,20.775,14.1375,3008.58732407508,INNER,5.12483416252073,1.0327943615257,0.61225,0.462841036508963,0.281048387096774,3.5395625,0.529151251265787,0.400940860215054,34.015867,-119.371733,19.1720008850098,15.951000213623,13.6619997024536,5.51000022888184
ANACAPA_EAST_ISLE_W,1.40997906570529,3.7547369966838,0.490213585626931,17.0410112359551,20.775,14.1375,3008.58732407508,OUTER,6.20513333333333,1.14153333333333,0.060375,0.172991537155371,0.0918010752688172,3.10825,0.873793038800412,0.597043010752688,34.015867,-119.371733,19.1720008850098,15.951000213623,13.6619997024536,5.51000022888184
ANACAPA_LIGHTHOUSE_REEF_CEN,1.77954358857765,8.7082973610653,0.362100000589765,17.1538043478261,21.375,14.11875,2330.60324695248,INNER,4.60962783171521,0.897006472491909,0.2104375,0.349144351148815,0.271774193548387,3.648125,0.658202851530463,0.349865591397849,34.012783,-119.363133,19.1720008850098,15.951000213623,13.6619997024536,5.51000022888184
ANACAPA_LIGHTHOUSE_REEF_CEN,1.77954358857765,8.7082973610653,0.362100000589765,17.1538043478261,21.375,14.11875,2330.60324695248,OUTER,1.26375661375661,0.408597883597884,0.08125,0.186495192755058,0.127284946236559,3.6474375,0.777594740181168,0.259005376344086,34.012783,-119.363133,19.1720008850098,15.951000213623,13.6619997024536,5.51000022888184
ANACAPA_LIGHTHOUSE_REEF_E,1.77954358857765,8.7082973610653,0.362100000589765,17.1538043478261,21.375,14.11875,2285.74892747693,INNER,4.9530303030303,0.765501165501166,0.4498125,0.556545630735365,0.468010752688172,3.6850625,0.44963604053418,0.31760752688172,34.0139,-119.36,19.1720008850098,15.951000213623,13.6619997024536,5.51000022888184
ANACAPA_LIGHTHOUSE_REEF_E,1.77954358857765,8.7082973610653,0.362100000589765,17.1538043478261,21.375,14.11875,2285.74892747693,OUTER,4.31869369369369,0.717004504504505,0.154125,0.305845587198664,0.201344086021505,3.135,1.03890094500834,0.555376344086022,34.0139,-119.36,19.1720008850098,15.951000213623,13.6619997024536,5.51000022888184
ANACAPA_LIGHTHOUSE_REEF_W,1.40997906570529,3.7547369966838,0.490213585626931,17.0410112359551,20.775,14.1375,2453.19458346819,INNER,2.37226775956284,0.481010928961749,0.745875,0.660880467088778,0.488844086021505,3.8500625,0.356407614712927,0.201881720430108,34.010783,-119.3725,19.1720008850098,15.951000213623,13.6619997024536,5.51000022888184
ANACAPA_LIGHTHOUSE_REEF_W,1.40997906570529,3.7547369966838,0.490213585626931,17.0410112359551,20.775,14.1375,2453.19458346819,OUTER,0.411206896551724,0.116666666666667,0.24175,0.303693980730536,0.235618279569892,3.7020625,0.608298019144452,0.251478494623656,34.010783,-119.3725,19.1720008850098,15.951000213623,13.6619997024536,5.51000022888184
ANACAPA_MIDDLE_ISLE_CEN,1.6229601561374,4.85875540247016,0.596763162209898,16.9586206896552,21.225,13.78125,2358.63598581145,INNER,4.92388211382114,0.805233739837398,0.4021875,0.534538111788571,0.409139784946237,3.6808125,0.583743517188859,0.31989247311828,34.0100609,-119.3877751,19.1720008850098,15.951000213623,13.6619997024536,5.51000022888184
ANACAPA_MIDDLE_ISLE_CEN,1.6229601561374,4.85875540247016,0.596763162209898,16.9586206896552,21.225,13.78125,2358.63598581145,OUTER,3.52138888888889,0.524652777777778,0.252125,0.401681169267129,0.291397849462366,3.552125,0.638170676124866,0.435349462365591,34.0100609,-119.3877751,19.1720008850098,15.951000213623,13.6619997024536,5.51000022888184
ANACAPA_MIDDLE_ISLE_E,1.6229601561374,4.85875540247016,0.596763162209898,16.9586206896552,21.225,13.78125,2182.35540293463,INNER,8.2837962962963,2.05012626262626,0.191625,0.374094563256413,0.245698924731183,3.7748125,0.537372769776655,0.245698924731183,34.0085,-119.388167,19.1720008850098,15.951000213623,13.6619997024536,5.51000022888184
ANACAPA_MIDDLE_ISLE_E,1.6229601561374,4.85875540247016,0.596763162209898,16.9586206896552,21.225,13.78125,2182.35540293463,OUTER,6.10384259259259,1.0625,0.104125,0.225543756953459,0.143951612903226,3.4583125,0.719086642091841,0.49758064516129,34.0085,-119.388167,19.1720008850098,15.951000213623,13.6619997024536,5.51000022888184
ANACAPA_MIDDLE_ISLE_W,1.49781360364031,5.22824050445293,0.395522829916674,17.2764705882353,21.16875,13.9125,2116.96854068396,INNER,10.0967978395062,2.03533950617284,0.552,0.618628987911938,0.506451612903226,3.7955625,0.409209425029995,0.239784946236559,34.007833,-119.394467,19.1720008850098,15.951000213623,13.6619997024536,5.51000022888184
ANACAPA_MIDDLE_ISLE_W,1.49781360364031,5.22824050445293,0.395522829916674,17.2764705882353,21.16875,13.9125,2116.96854068396,OUTER,5.0062734082397,1.47612359550562,0.2124375,0.381563262156176,0.250940860215054,3.454375,0.778615815153838,0.445967741935484,34.007833,-119.394467,19.1720008850098,15.951000213623,13.6619997024536,5.51000022888184
ANACAPA_WEST_ISLE_CEN,2.90510604093212,8.54446075368826,0.377164844530186,17.1224137931034,21.6,13.8375,3584.57579918632,INNER,9.73316749585406,2.57699004975124,0.887375,0.605846920598196,0.433198924731183,3.83775,0.28357678296794,0.196908602150538,34.016983,-119.432917,19.5109996795654,15.9519996643066,13.5509996414185,5.96000003814697
ANACAPA_WEST_ISLE_CEN,2.90510604093212,8.54446075368826,0.377164844530186,17.1224137931034,21.6,13.8375,3584.57579918632,OUTER,3.46623655913979,0.905591397849462,0.2041875,0.395062687006868,0.276747311827957,3.37125,0.79742648173844,0.490591397849462,34.016983,-119.432917,19.5109996795654,15.9519996643066,13.5509996414185,5.96000003814697
ANACAPA_WEST_ISLE_E,3.08602791860725,10.238584542382,0.445881440470374,17.1383720930233,21.0375,13.9875,3468.04416008433,INNER,11.7402322404372,2.98845628415301,0.5395,0.605031690932456,0.488172043010753,3.7106875,0.530294410072399,0.307258064516129,34.016083,-119.421833,19.5109996795654,15.9519996643066,13.5509996414185,5.96000003814697
ANACAPA_WEST_ISLE_E,3.08602791860725,10.238584542382,0.445881440470374,17.1383720930233,21.0375,13.9875,3468.04416008433,OUTER,5.19283625730994,1.15896686159844,0.456375,0.5747211240682,0.373790322580645,3.13325,0.849492896757175,0.516666666666667,34.016083,-119.421833,19.5109996795654,15.9519996643066,13.5509996414185,5.96000003814697
ANACAPA_WEST_ISLE_W,1.27487825312192,3.49936634043093,0.371656889132237,17.0454545454545,21.3375,13.9125,3708.13446378879,INNER,8.26840101522843,2.29657360406091,0.7956875,0.69909035157219,0.524327956989247,3.8355,0.343590461272623,0.201209677419355,34.017417,-119.438067,19.5109996795654,15.9519996643066,13.5509996414185,5.96000003814697
ANACAPA_WEST_ISLE_W,1.27487825312192,3.49936634043093,0.371656889132237,17.0454545454545,21.3375,13.9125,3708.13446378879,OUTER,0,0,0.2,0.312931127277314,0.238978494623656,3.2189375,0.97129896480022,0.532123655913978,34.017417,-119.438067,19.5109996795654,15.9519996643066,13.5509996414185,5.96000003814697
ANACAPA_WEST_ISLE_W,1.27487825312192,3.49936634043093,0.371656889132237,17.0454545454545,21.3375,13.9125,3708.13446378879,SPECIALO,0.205,0.0933333333333333,0.01675,0.0624327595286769,0.0311827956989247,3.24925,1.09836976627734,0.547311827956989,34.017417,-119.438067,19.5109996795654,15.9519996643066,13.5509996414185,5.96000003814697
ARROYO_QUEMADO_E,8.10750201846918,21.3431329621173,1.93748044337589,16.5514925373134,20.8071428571429,12.5785714285714,7440.08746243361,INNER,5.32722602739726,0.486586757990868,0.027,0.0800751669424883,0.0467741935483871,3.560625,0.737725870447329,0.191801075268817,34.466283,-120.116967,18.8640003204346,15.7349996566772,13.3690004348755,5.49499988555908
ARROYO_QUEMADO_E,8.10750201846918,21.3431329621173,1.93748044337589,16.5514925373134,20.8071428571429,12.5785714285714,7440.08746243361,MID,3.90492424242424,0.209772727272727,0.0104375,0.0424417111410119,0.0196236559139785,3.7626875,0.588949400923197,0.172043010752688,34.466283,-120.116967,18.8640003204346,15.7349996566772,13.3690004348755,5.49499988555908
ARROYO_QUEMADO_E,8.10750201846918,21.3431329621173,1.93748044337589,16.5514925373134,20.8071428571429,12.5785714285714,7440.08746243361,OUTER,4.53796296296296,0.139506172839506,0,0,0,3.4643125,0.897284239855195,0.328897849462366,34.466283,-120.116967,18.8640003204346,15.7349996566772,13.3690004348755,5.49499988555908
ARROYO_QUEMADO_W,8.10750201846918,21.3431329621173,1.93748044337589,16.5514925373134,20.8071428571429,12.5785714285714,7581.57408934951,INNER,5.77041942604857,0.326710816777042,0.00625,0.0187835720949228,0.0112903225806452,3.77475,0.584071558116991,0.139112903225806,34.46835,-120.125183,18.8640003204346,15.7349996566772,13.3690004348755,5.49499988555908
ARROYO_QUEMADO_W,8.10750201846918,21.3431329621173,1.93748044337589,16.5514925373134,20.8071428571429,12.5785714285714,7581.57408934951,MID,3.10981481481482,0.166574074074074,0,0,0,3.766625,0.550948047717554,0.163306451612903,34.46835,-120.125183,18.8640003204346,15.7349996566772,13.3690004348755,5.49499988555908
ARROYO_QUEMADO_W,8.10750201846918,21.3431329621173,1.93748044337589,16.5514925373134,20.8071428571429,12.5785714285714,7581.57408934951,OUTER,1.68410852713178,0.197093023255814,0,0,0,3.6059375,0.735116864509436,0.290188172043011,34.46835,-120.125183,18.8640003204346,15.7349996566772,13.3690004348755,5.49499988555908
HORSESHOE_REEF_E,6.30215656015347,12.1956206810998,2.83001453449966,17.04,21.1875,13.85625,19320.3783201285,INNER,2.37462121212121,0.304671717171717,0.1250625,0.210159202283071,0.152956989247312,3.90025,0.294616764439619,0.103360215053763,34.38945,-119.544767,19.0739994049072,16.0389995574951,14.0939998626709,4.98000001907349
HORSESHOE_REEF_E,6.30215656015347,12.1956206810998,2.83001453449966,17.04,21.1875,13.85625,19320.3783201285,MID,4.93696581196581,0.650213675213675,0.00625,0.0268335212588427,0.0118279569892473,3.6390625,0.711800517407999,0.291397849462366,34.38945,-119.544767,19.0739994049072,16.0389995574951,14.0939998626709,4.98000001907349
HORSESHOE_REEF_E,6.30215656015347,12.1956206810998,2.83001453449966,17.04,21.1875,13.85625,19320.3783201285,OUTER,3.08888888888889,0.242592592592593,0.0145625,0.0481320900431076,0.0263440860215054,3.7016875,0.71760396579484,0.213037634408602,34.38945,-119.544767,19.0739994049072,16.0389995574951,14.0939998626709,4.98000001907349
HORSESHOE_REEF_W,8.65469133879709,15.0400514177687,4.09630543491185,16.706,20.85,13.4357142857143,18727.6745351476,INNER,4.43103070175439,0.426754385964912,0.0666875,0.184368140839122,0.115860215053763,3.278625,0.727307532103308,0.488172043010753,34.391733,-119.5577,19.0739994049072,16.0389995574951,14.0939998626709,4.98000001907349
HORSESHOE_REEF_W,8.65469133879709,15.0400514177687,4.09630543491185,16.706,20.85,13.4357142857143,18727.6745351476,MID,2.1445652173913,0.119021739130435,0.07275,0.202124492760983,0.119220430107527,3.2000625,0.658768955257287,0.48252688172043,34.391733,-119.5577,19.0739994049072,16.0389995574951,14.0939998626709,4.98000001907349
HORSESHOE_REEF_W,8.65469133879709,15.0400514177687,4.09630543491185,16.706,20.85,13.4357142857143,18727.6745351476,OUTER,0.16231884057971,0.033695652173913,0,0,0,3.499875,0.783235884556637,0.305913978494624,34.391733,-119.5577,19.0739994049072,16.0389995574951,14.0939998626709,4.98000001907349
IV_REEF_E,6.89500805796374,14.5971365676867,2.10538015220053,16.9714285714286,21,13.95,5413.54746966282,INNER,6.81451355661882,0.74896331738437,0,0,0,3.766625,0.609881732613759,0.214112903225807,34.40295,-119.864517,18.7520008087158,15.8249998092651,13.6160001754761,5.13600015640259
IV_REEF_E,6.89500805796374,14.5971365676867,2.10538015220053,16.9714285714286,21,13.95,5413.54746966282,MID,6.41428571428572,0.57202380952381,0.0145625,0.0363259354048765,0.0241935483870968,3.7665,0.559768552008129,0.234811827956989,34.40295,-119.864517,18.7520008087158,15.8249998092651,13.6160001754761,5.13600015640259
IV_REEF_E,6.89500805796374,14.5971365676867,2.10538015220053,16.9714285714286,21,13.95,5413.54746966282,OUTER,5.55447154471545,0.161585365853659,0.0020625,0.0112253313766734,0.00403225806451613,3.6336875,0.611393791396948,0.290994623655914,34.40295,-119.864517,18.7520008087158,15.8249998092651,13.6160001754761,5.13600015640259
IV_REEF_W,6.95369873335552,16.9171182359113,2.23674737783039,16.6149350649351,20.00625,12.975,5016.24915419243,INNER,7.41774054982818,0.460910652920962,0.0104375,0.034391761977092,0.0190860215053763,3.6520625,0.752111432511371,0.248655913978495,34.404733,-119.876283,18.7520008087158,15.8249998092651,13.6160001754761,5.13600015640259
IV_REEF_W,6.95369873335552,16.9171182359113,2.23674737783039,16.6149350649351,20.00625,12.975,5016.24915419243,MID,3.77619047619048,0.260622710622711,0.00625,0.0268335212588427,0.0118279569892473,3.4835,0.848663579169117,0.367607526881721,34.404733,-119.876283,18.7520008087158,15.8249998092651,13.6160001754761,5.13600015640259
IV_REEF_W,6.95369873335552,16.9171182359113,2.23674737783039,16.6149350649351,20.00625,12.975,5016.24915419243,OUTER,3.31740196078431,0.18921568627451,0.0020625,0.0112253313766734,0.00403225806451613,3.61875,0.722972110069703,0.292876344086022,34.404733,-119.876283,18.7520008087158,15.8249998092651,13.6160001754761,5.13600015640259
NAPLES_CEN,4.44141611935018,9.89725075810333,1.68986248804485,16.6942105263158,20.6625,13.7625,4643.70977310108,INNER,6.04641744548287,0.806113707165109,0.26475,0.430694145334849,0.298252688172043,3.989625,0.0412342348482696,0.0153225806451613,34.42185,-119.9515,19.0520000457764,15.6730003356934,14.0310001373291,5.02099990844727
NAPLES_CEN,4.44141611935018,9.89725075810333,1.68986248804485,16.6942105263158,20.6625,13.7625,4643.70977310108,OUTER,2.14540229885057,0.20632183908046,0.102,0.185401253929509,0.142069892473118,3.5739375,0.658326530817484,0.339784946236559,34.42185,-119.9515,19.0520000457764,15.6730003356934,14.0310001373291,5.02099990844727
NAPLES_E,4.44141611935018,9.89725075810333,1.68986248804485,16.6942105263158,20.6625,13.7625,4807.90325745337,INNER,1.00439814814815,0.122916666666667,0.1791875,0.227069630896695,0.171908602150538,3.4709375,0.717163734314276,0.413306451612903,34.423333,-119.951017,19.0520000457764,15.6730003356934,14.0310001373291,5.02099990844727
NAPLES_E,4.44141611935018,9.89725075810333,1.68986248804485,16.6942105263158,20.6625,13.7625,4807.90325745337,OUTER,0.543981481481482,0.0796296296296296,0.2291875,0.29579742854405,0.238844086021505,3.60575,0.643847633684709,0.320564516129032,34.423333,-119.951017,19.0520000457764,15.6730003356934,14.0310001373291,5.02099990844727
NAPLES_W,4.44141611935018,9.89725075810333,1.68986248804485,16.6942105263158,20.6625,13.7625,4920.7576399841,INNER,2.61965174129353,0.28407960199005,0.1520625,0.292220271482044,0.180645161290323,3.9058125,0.316681554932685,0.0954301075268817,34.424633,-119.955317,19.0520000457764,15.6730003356934,14.0310001373291,5.02099990844727
NAPLES_W,4.44141611935018,9.89725075810333,1.68986248804485,16.6942105263158,20.6625,13.7625,4920.7576399841,OUTER,1.87982456140351,0.11593567251462,0.03125,0.0812824470792836,0.0501344086021505,3.523,0.721641103203545,0.363306451612903,34.424633,-119.955317,19.0520000457764,15.6730003356934,14.0310001373291,5.02099990844727
SCI_CAVERN_POINT_E,2.71648284354904,8.32600729046437,0.685796409967245,16.7642857142857,20.2875,13.6875,4296.82473031146,MID,4.53781028368794,0.624202127659575,0.3165,0.471051998531678,0.335752688172043,3.43575,0.727479488402193,0.468682795698925,34.054283,-119.566867,19.5860004425049,15.9619998931885,13.5209999084473,6.06500005722046
SCI_CAVERN_POINT_E,2.71648284354904,8.32600729046437,0.685796409967245,16.7642857142857,20.2875,13.6875,4296.82473031146,OUTER,2.69117161716172,0.199092409240924,0.4520625,0.507484620808106,0.354704301075269,3.375125,0.788968488589181,0.476478494623656,34.054283,-119.566867,19.5860004425049,15.9619998931885,13.5209999084473,6.06500005722046
SCI_CAVERN_POINT_E,2.71648284354904,8.32600729046437,0.685796409967245,16.7642857142857,20.2875,13.6875,4296.82473031146,INNER,4.46441570881226,0.652011494252874,0.6426875,0.516855140037313,0.455376344086022,3.86225,0.213620029061029,0.147311827956989,34.054283,-119.566867,19.5860004425049,15.9619998931885,13.5209999084473,6.06500005722046
SCI_CAVERN_POINT_W,3.02155620443178,8.60941861167749,0.601933673138651,16.7901315789474,21.16875,14.08125,4471.07933615913,INNER,9.26086956521739,2.29380032206119,0.5043125,0.5029634612334,0.395833333333333,3.691625,0.490483906991677,0.338844086021505,34.05275,-119.5713,19.5860004425049,15.9619998931885,13.5209999084473,6.06500005722046
SCI_CAVERN_POINT_W,3.02155620443178,8.60941861167749,0.601933673138651,16.7901315789474,21.16875,14.08125,4471.07933615913,MID,7.25113122171946,1.5196455505279,0.2458125,0.403269785943713,0.332795698924731,3.2963125,0.713459559511488,0.54005376344086,34.05275,-119.5713,19.5860004425049,15.9619998931885,13.5209999084473,6.06500005722046
SCI_CAVERN_POINT_W,3.02155620443178,8.60941861167749,0.601933673138651,16.7901315789474,21.16875,14.08125,4471.07933615913,OUTER,3.57816265060241,0.652058232931727,0.2145,0.344084332992856,0.280645161290323,2.878875,0.852764621371658,0.635349462365591,34.05275,-119.5713,19.5860004425049,15.9619998931885,13.5209999084473,6.06500005722046
SCI_COCHE_POINT_E,2.78130814564359,8.48439341716878,0.793220850405679,16.6926136363636,20.9625,13.48125,5422.82734939726,MID,0,0,0.452,0.497976205400375,0.43494623655914,3.7225625,0.450233238555762,0.314516129032258,34.044933,-119.6014,18.8519992828369,15.7819995880127,13.3000001907349,5.55200004577637
SCI_COCHE_POINT_E,2.78130814564359,8.48439341716878,0.793220850405679,16.6926136363636,20.9625,13.48125,5422.82734939726,INNER,0,0,0.5750625,0.584122116875738,0.468682795698925,3.8414375,0.356941834348869,0.229838709677419,34.044933,-119.6014,18.8519992828369,15.7819995880127,13.3000001907349,5.55200004577637
SCI_COCHE_POINT_E,2.78130814564359,8.48439341716878,0.793220850405679,16.6926136363636,20.9625,13.48125,5422.82734939726,OUTER,0,0,0.1936875,0.344758062703424,0.25255376344086,3.249625,0.768930504593197,0.573118279569893,34.044933,-119.6014,18.8519992828369,15.7819995880127,13.3000001907349,5.55200004577637
SCI_COCHE_POINT_W,3.58804702527212,11.8389602809611,0.641965469037533,17.0696202531646,21.225,13.85625,5699.14157909572,INNER,0,0,0.5831875,0.520431141277762,0.456720430107527,3.7576875,0.399935980734817,0.302822580645161,34.04265,-119.604,18.8519992828369,15.7819995880127,13.3000001907349,5.55200004577637
SCI_COCHE_POINT_W,3.58804702527212,11.8389602809611,0.641965469037533,17.0696202531646,21.225,13.85625,5699.14157909572,MID,0.01875,0.0104166666666667,0.2854375,0.40834567157299,0.329569892473118,3.6519375,0.521549360669559,0.361693548387097,34.04265,-119.604,18.8519992828369,15.7819995880127,13.3000001907349,5.55200004577637
SCI_COCHE_POINT_W,3.58804702527212,11.8389602809611,0.641965469037533,17.0696202531646,21.225,13.85625,5699.14157909572,OUTER,0,0,0.110375,0.214485995443358,0.154032258064516,3.1474375,0.806017481246349,0.611559139784946,34.04265,-119.604,18.8519992828369,15.7819995880127,13.3000001907349,5.55200004577637
SCI_FORNEY_E,2.65712022690438,8.06831031075634,0.884545923829796,15.5729508196721,20.1,12.6642857142857,8156.200089667,INNER,2.63161764705882,0.261274509803922,0.114214285714286,0.25902168266762,0.180030721966206,3.62392857142857,0.644742552760439,0.379723502304147,34.051483,-119.909667,17.8379993438721,14.9680004119873,12.5150003433228,5.32299995422363
SCI_FORNEY_E,2.65712022690438,8.06831031075634,0.884545923829796,15.5729508196721,20.1,12.6642857142857,8156.200089667,MID,1.50717592592593,0.148611111111111,0.0643571428571429,0.166335311169748,0.107219662058372,3.59757142857143,0.721610278128646,0.404301075268817,34.051483,-119.909667,17.8379993438721,14.9680004119873,12.5150003433228,5.32299995422363
SCI_FORNEY_E,2.65712022690438,8.06831031075634,0.884545923829796,15.5729508196721,20.1,12.6642857142857,8156.200089667,OUTER,0.0466666666666667,0.00777777777777778,0.0595714285714286,0.133744667047884,0.0663594470046083,3.61428571428571,0.76284542645646,0.362980030721966,34.051483,-119.909667,17.8379993438721,14.9680004119873,12.5150003433228,5.32299995422363
SCI_FORNEY_W,2.37473412070586,7.59498367434023,0.946834515854927,15.5,19.21875,12.375,8395.27147524285,INNER,1.97861635220126,0.342610062893082,0.3095,0.395822945938775,0.318740399385561,3.64514285714286,0.554263537379858,0.295084485407066,34.053883,-119.9182,17.8190002441406,14.9809999465942,12.8090000152588,5.01000022888184
SCI_FORNEY_W,2.37473412070586,7.59498367434023,0.946834515854927,15.5,19.21875,12.375,8395.27147524285,MID,0.714529914529915,0.105982905982906,0.0260714285714286,0.0971239615838645,0.047926267281106,3.529,0.695633121506372,0.363440860215054,34.053883,-119.9182,17.8190002441406,14.9809999465942,12.8090000152588,5.01000022888184
SCI_FORNEY_W,2.37473412070586,7.59498367434023,0.946834515854927,15.5,19.21875,12.375,8395.27147524285,OUTER,0.0130952380952381,0.00238095238095238,0.0285,0.0829783326172869,0.0506912442396313,3.47371428571429,0.808882306125492,0.400153609831029,34.053883,-119.9182,17.8190002441406,14.9809999465942,12.8090000152588,5.01000022888184
SCI_GULL_ISLE_E,1.87255501237725,4.30582050132522,0.576460156760313,16.7798780487805,20.49375,13.5375,1012.48279064218,INNER,3.74735294117647,0.613676470588235,0.109428571428571,0.225024869573225,0.15284178187404,3.89028571428571,0.316056626368245,0.094162826420891,33.946467,-119.823183,19.5970001220703,15.8459997177124,13.3970003128052,6.19999980926514
SCI_GULL_ISLE_E,1.87255501237725,4.30582050132522,0.576460156760313,16.7798780487805,20.49375,13.5375,1012.48279064218,MID,4.64205526770294,0.660924006908463,0.05,0.152416104140259,0.0814132104454685,3.52378571428571,0.840320797471795,0.352688172043011,33.946467,-119.823183,19.5970001220703,15.8459997177124,13.3970003128052,6.19999980926514
SCI_GULL_ISLE_E,1.87255501237725,4.30582050132522,0.576460156760313,16.7798780487805,20.49375,13.5375,1012.48279064218,OUTER,1.34281609195402,0.304597701149425,1.01421428571429,0.647276813923104,0.486482334869432,3.88307142857143,0.342498301052461,0.110906298003072,33.946467,-119.823183,19.5970001220703,15.8459997177124,13.3970003128052,6.19999980926514
SCI_GULL_ISLE_W,1.87255501237725,4.30582050132522,0.576460156760313,16.7798780487805,20.49375,13.5375,1004.56955190708,INNER,6.02584325396825,0.973015873015873,0.445357142857143,0.554425861478377,0.388786482334869,3.95028571428571,0.156607422446396,0.0602150537634409,33.948167,-119.82795,19.5970001220703,15.8459997177124,13.3970003128052,6.19999980926514
SCI_GULL_ISLE_W,1.87255501237725,4.30582050132522,0.576460156760313,16.7798780487805,20.49375,13.5375,1004.56955190708,MID,5.46840958605665,1.37903050108932,0.545357142857143,0.539896714940701,0.416282642089094,3.87842857142857,0.320265363706606,0.125652841781874,33.948167,-119.82795,19.5970001220703,15.8459997177124,13.3970003128052,6.19999980926514
SCI_GULL_ISLE_W,1.87255501237725,4.30582050132522,0.576460156760313,16.7798780487805,20.49375,13.5375,1004.56955190708,OUTER,1.82850877192982,0.317397660818713,0.652357142857143,0.555794760582423,0.446850998463902,3.86678571428571,0.357568586603347,0.149769585253456,33.948167,-119.82795,19.5970001220703,15.8459997177124,13.3970003128052,6.19999980926514
SCI_HAZARDS_CEN,3.99647569030703,17.5311370087738,0.673031452829919,15.8625,19.21875,13.18125,7114.61388120374,INNER,0.195833333333333,0.0604166666666667,0.6313125,0.627411603497501,0.414381720430108,3.9979375,0.0112253313766734,0.00403225806451613,34.056583,-119.821167,18.6840000152588,15.4860000610352,13.1000003814697,5.58400011062622
SCI_HAZARDS_CEN,3.99647569030703,17.5311370087738,0.673031452829919,15.8625,19.21875,13.18125,7114.61388120374,OUTER,0,0,0.6249375,0.632748401724299,0.461559139784946,3.799375,0.471196048243738,0.213037634408602,34.056583,-119.821167,18.6840000152588,15.4860000610352,13.1000003814697,5.58400011062622
SCI_HAZARDS_E,3.99647569030703,17.5311370087738,0.673031452829919,15.8625,19.21875,13.18125,7313.97741140275,INNER,1.52848837209302,0.460077519379845,0.526875,0.590739713178977,0.483467741935484,3.4548125,0.590158566241571,0.467204301075269,34.054383,-119.81935,18.6840000152588,15.4860000610352,13.1000003814697,5.58400011062622
SCI_HAZARDS_E,3.99647569030703,17.5311370087738,0.673031452829919,15.8625,19.21875,13.18125,7313.97741140275,OUTER,0.0176470588235294,0.0107843137254902,0.2539375,0.345037705747212,0.217741935483871,3.037625,0.855728999133973,0.599059139784946,34.054383,-119.81935,18.6840000152588,15.4860000610352,13.1000003814697,5.58400011062622
SCI_HAZARDS_W,3.99647569030703,17.5311370087738,0.673031452829919,15.8625,19.21875,13.18125,7043.2351834826,INNER,0,0,1.2271875,0.643212271495059,0.450672043010753,3.9728125,0.0969999415989553,0.0309139784946237,34.0581,-119.824833,18.6840000152588,15.4860000610352,13.1000003814697,5.58400011062622
SCI_HAZARDS_W,3.99647569030703,17.5311370087738,0.673031452829919,15.8625,19.21875,13.18125,7043.2351834826,OUTER,0,0,1.2335,0.469948710007798,0.353360215053763,3.767125,0.451997605280584,0.244220430107527,34.0581,-119.824833,18.6840000152588,15.4860000610352,13.1000003814697,5.58400011062622
SCI_PAINTED_CAVE_CEN,2.75569505712668,6.34102007866845,0.888998123228215,15.9139534883721,19.85625,13.0125,6529.3910544166,OUTER,0,0,0.0309285714285714,0.0979419819805178,0.0559139784946237,2.7325,0.711206418215058,0.550691244239631,34.072867,-119.870983,17.8379993438721,14.9680004119873,12.5150003433228,5.32299995422363
SCI_PAINTED_CAVE_CEN,2.75569505712668,6.34102007866845,0.888998123228215,15.9139534883721,19.85625,13.0125,6529.3910544166,INNER,0.139351851851852,0.0189814814814815,0.774,0.608205476080493,0.536866359447005,3.78771428571429,0.43690380597829,0.253917050691244,34.072867,-119.870983,17.8379993438721,14.9680004119873,12.5150003433228,5.32299995422363
SCI_PAINTED_CAVE_E,3.23069860087231,10.0413340625094,0.539807561288231,15.8736486486486,19.125,12.825,6452.96281751639,INNER,0,0,0.759571428571429,0.61196371650578,0.513056835637481,3.9905,0.0434958315834469,0.0181259600614439,34.0719,-119.85755,17.8379993438721,14.9680004119873,12.5150003433228,5.32299995422363
SCI_PAINTED_CAVE_E,3.23069860087231,10.0413340625094,0.539807561288231,15.8736486486486,19.125,12.825,6452.96281751639,OUTER,0,0,0.718928571428572,0.61505700501945,0.534254992319509,3.88107142857143,0.295678477138835,0.188940092165899,34.0719,-119.85755,17.8379993438721,14.9680004119873,12.5150003433228,5.32299995422363
SCI_PAINTED_CAVE_W,2.82442145005188,7.82434486987344,0.961161341424118,15.9839285714286,19.85625,12.95625,6466.16871258459,OUTER,0,0,0.440285714285714,0.56866632376395,0.458218125960061,3.3785,0.727197527695148,0.494930875576037,34.074483,-119.882133,17.8379993438721,14.9680004119873,12.5150003433228,5.32299995422363
SCI_PAINTED_CAVE_W,2.82442145005188,7.82434486987344,0.961161341424118,15.9839285714286,19.85625,12.95625,6466.16871258459,INNER,0,0,0.961785714285714,0.696400411729766,0.54531490015361,3.93792857142857,0.223632536549611,0.0791090629800307,34.074483,-119.882133,17.8379993438721,14.9680004119873,12.5150003433228,5.32299995422363
SCI_PELICAN_CEN,2.90751822575952,8.39327437497876,0.927102764939154,16.7524390243902,20.9625,13.78125,8663.96760155199,INNER,1.31666666666667,0.381578947368421,1.4541875,0.623103910904524,0.456854838709677,3.8749375,0.204040427241511,0.13494623655914,34.03065,-119.69665,18.382999420166,15.6079998016357,13.2080001831055,5.17500019073486
SCI_PELICAN_CEN,2.90751822575952,8.39327437497876,0.927102764939154,16.7524390243902,20.9625,13.78125,8663.96760155199,OUTER,0.435897435897436,0.151923076923077,0.7813125,0.666002396158056,0.511424731182796,3.46675,0.816520535422716,0.336290322580645,34.03065,-119.69665,18.382999420166,15.6079998016357,13.2080001831055,5.17500019073486
SCI_PELICAN_E,2.90751822575952,8.39327437497876,0.927102764939154,16.7524390243902,20.9625,13.78125,8836.7559147988,INNER,0.710365853658537,0.137804878048781,0.64125,0.588022777679687,0.513172043010753,3.58125,0.614973701987739,0.390322580645161,34.02805,-119.690917,18.382999420166,15.6079998016357,13.2080001831055,5.17500019073486
SCI_PELICAN_E,2.90751822575952,8.39327437497876,0.927102764939154,16.7524390243902,20.9625,13.78125,8836.7559147988,OUTER,0.0449074074074074,0.0162037037037037,0.5270625,0.562549944998631,0.442338709677419,3.37475,0.811358124067348,0.480241935483871,34.02805,-119.690917,18.382999420166,15.6079998016357,13.2080001831055,5.17500019073486
SCI_PELICAN_W,2.77988693339629,7.81946026914084,0.841642235119033,16.5375,20.19375,13.425,8106.21557742529,INNER,0,0,0.3915625,0.48433354561035,0.406720430107527,3.6683125,0.536971727016404,0.353091397849462,34.035867,-119.7023,18.382999420166,15.6079998016357,13.2080001831055,5.17500019073486
SCI_PELICAN_W,2.77988693339629,7.81946026914084,0.841642235119033,16.5375,20.19375,13.425,8106.21557742529,OUTER,0.0294117647058824,0.0132352941176471,0.260375,0.422113068787287,0.298521505376344,3.0163125,0.907571160788324,0.580376344086021,34.035867,-119.7023,18.382999420166,15.6079998016357,13.2080001831055,5.17500019073486
SCI_SCORPION_E,3.21391707222474,10.3792104798084,0.541124101253268,16.5954545454545,20.45625,13.44375,4878.42608001753,INNER,0.524826388888889,0.200173611111111,1.6415625,0.450610175531343,0.319220430107527,3.9791875,0.0836759459892815,0.0389784946236559,34.048467,-119.546367,19.5860004425049,15.9619998931885,13.5209999084473,6.06500005722046
SCI_SCORPION_E,3.21391707222474,10.3792104798084,0.541124101253268,16.5954545454545,20.45625,13.44375,4878.42608001753,MID,0.457051282051282,0.0596153846153846,0.5749375,0.572237995339857,0.412096774193548,3.697875,0.496697425987612,0.326075268817204,34.048467,-119.546367,19.5860004425049,15.9619998931885,13.5209999084473,6.06500005722046
SCI_SCORPION_E,3.21391707222474,10.3792104798084,0.541124101253268,16.5954545454545,20.45625,13.44375,4878.42608001753,OUTER,0,0,0.3916875,0.470173008148518,0.358333333333333,3.599875,0.603402506185745,0.366263440860215,34.048467,-119.546367,19.5860004425049,15.9619998931885,13.5209999084473,6.06500005722046
SCI_SCORPION_W,3.21391707222474,10.3792104798084,0.541124101253268,16.5954545454545,20.45625,13.44375,4453.29507079122,INNER,11.462037037037,2.51851851851852,0.2686875,0.389795392625072,0.29744623655914,3.326625,0.778658151653057,0.513575268817204,34.0525,-119.55525,19.5860004425049,15.9619998931885,13.5209999084473,6.06500005722046
SCI_SCORPION_W,3.21391707222474,10.3792104798084,0.541124101253268,16.5954545454545,20.45625,13.44375,4453.29507079122,MID,6.88274074074074,1.10959259259259,0.11675,0.289636360007974,0.186827956989247,3.0290625,1.06520530405955,0.593413978494624,34.0525,-119.55525,19.5860004425049,15.9619998931885,13.5209999084473,6.06500005722046
SCI_SCORPION_W,3.21391707222474,10.3792104798084,0.541124101253268,16.5954545454545,20.45625,13.44375,4453.29507079122,OUTER,6.08295238095238,0.841809523809524,0.05825,0.173393188139442,0.0978494623655914,2.545375,1.20633442391593,0.543010752688172,34.0525,-119.55525,19.5860004425049,15.9619998931885,13.5209999084473,6.06500005722046
SCI_VALLEY_CEN,3.27200013469901,8.27027814862595,0.876465742491328,17.5423076923077,21.375,13.63125,3701.41884335817,INNER,4.14654882154882,0.67449494949495,0.279375,0.350587112253002,0.272311827956989,3.349875,0.774492516394204,0.49758064516129,33.983617,-119.6384,20.1520004272461,16.4419994354248,14.1020002365112,6.05000019073486
SCI_VALLEY_CEN,3.27200013469901,8.27027814862595,0.876465742491328,17.5423076923077,21.375,13.63125,3701.41884335817,OUTER,3.91756535947712,0.601307189542484,0.079125,0.174353568085971,0.120967741935484,2.896,1.03031982349163,0.651612903225806,33.983617,-119.6384,20.1520004272461,16.4419994354248,14.1020002365112,6.05000019073486
SCI_VALLEY_E,3.08577505939007,8.43581600017068,0.795765434619586,17.698,21.84375,13.9875,3386.69983768394,INNER,0.295833333333333,0.0782738095238095,0.033375,0.100401823836808,0.0586021505376344,2.71625,1.07395537958498,0.58494623655914,33.98355,-119.620317,20.1520004272461,16.4419994354248,14.1020002365112,6.05000019073486
SCI_VALLEY_E,3.08577505939007,8.43581600017068,0.795765434619586,17.698,21.84375,13.9875,3386.69983768394,OUTER,1.03989898989899,0.313131313131313,0,0,0,2.66575,1.01795128830943,0.678494623655914,33.98355,-119.620317,20.1520004272461,16.4419994354248,14.1020002365112,6.05000019073486
SCI_VALLEY_W,2.73949506696517,7.11934221487203,0.725526123529651,17.6146551724138,22.35,13.9071428571429,4686.59860653661,INNER,5.41759259259259,0.872839506172839,0.216625,0.282391479893163,0.203763440860215,3.887125,0.359582162153023,0.121505376344086,33.9817,-119.6637,20.1520004272461,16.4419994354248,14.1020002365112,6.05000019073486
SCI_VALLEY_W,2.73949506696517,7.11934221487203,0.725526123529651,17.6146551724138,22.35,13.9071428571429,4686.59860653661,OUTER,1.67443181818182,0.20719696969697,0.3835,0.478895277088108,0.341397849462366,3.532875,0.883483078605674,0.256451612903226,33.9817,-119.6637,20.1520004272461,16.4419994354248,14.1020002365112,6.05000019073486
SCI_YELLOWBANKS_CEN,1.31950550309016,3.40533875181384,0.514445524952009,17.5354838709677,22.2,13.9125,2150.14505520501,INNER,3.36509661835749,0.680314009661836,0.037375,0.0980292903195989,0.0612903225806452,3.613,0.607615922906355,0.358870967741936,33.988533,-119.546983,20.2450008392334,16.4740009307861,14.0930004119873,6.15199995040894
SCI_YELLOWBANKS_CEN,1.31950550309016,3.40533875181384,0.514445524952009,17.5354838709677,22.2,13.9125,2150.14505520501,MID,2.95208333333333,0.338541666666667,0.016625,0.0600178069431924,0.0306451612903226,3.62125,0.537313395363758,0.358064516129032,33.988533,-119.546983,20.2450008392334,16.4740009307861,14.0930004119873,6.15199995040894
SCI_YELLOWBANKS_CEN,1.31950550309016,3.40533875181384,0.514445524952009,17.5354838709677,22.2,13.9125,2150.14505520501,OUTER,0.624679487179487,0.13525641025641,0.0125,0.0375671441898455,0.0225806451612903,3.442375,0.773917748954706,0.461559139784946,33.988533,-119.546983,20.2450008392334,16.4740009307861,14.0930004119873,6.15199995040894
SCI_YELLOWBANKS_W,1.4650605989885,3.56554210226239,0.569831373841785,17.517032967033,21.975,13.74375,3061.56703893186,INNER,1.90595238095238,0.277827380952381,0.016625,0.0761177052710322,0.0317204301075269,3.387625,1.01821376991721,0.40241935483871,33.9893,-119.564933,20.2450008392334,16.4740009307861,14.0930004119873,6.15199995040894
SCI_YELLOWBANKS_W,1.4650605989885,3.56554210226239,0.569831373841785,17.517032967033,21.975,13.74375,3061.56703893186,MID,2.10677083333333,0.195833333333333,0,0,0,3.595,0.621787844533636,0.365591397849462,33.9893,-119.564933,20.2450008392334,16.4740009307861,14.0930004119873,6.15199995040894
SCI_YELLOWBANKS_W,1.4650605989885,3.56554210226239,0.569831373841785,17.517032967033,21.975,13.74375,3061.56703893186,OUTER,4.06517094017094,0.265811965811966,0.004125,0.0224506627533469,0.00806451612903227,3.546375,0.626079823469684,0.400537634408602,33.9893,-119.564933,20.2450008392334,16.4740009307861,14.0930004119873,6.15199995040894
SMI_CUYLER_E,4.54278540292953,12.1576568822539,1.05732635363268,14.4857142857143,17.175,12.1875,10447.3553652984,INNER,0.23,0.05,0.0190714285714286,0.0699717522696396,0.0353302611367128,3.905,0.319275148622812,0.0738863287250384,34.051717,-120.346183,16.9640007019043,14.5559997558594,12.9449996948242,4.01900005340576
SMI_CUYLER_E,4.54278540292953,12.1576568822539,1.05732635363268,14.4857142857143,17.175,12.1875,10447.3553652984,MID,0,0,0.0142142857142857,0.0691537318729862,0.0273425499231951,3.80478571428571,0.467481061323483,0.179723502304147,34.051717,-120.346183,16.9640007019043,14.5559997558594,12.9449996948242,4.01900005340576
SMI_CUYLER_E,4.54278540292953,12.1576568822539,1.05732635363268,14.4857142857143,17.175,12.1875,10447.3553652984,OUTER,0,0,0.019,0.065192439759522,0.0337941628264209,3.59292857142857,0.726386594710599,0.356221198156682,34.051717,-120.346183,16.9640007019043,14.5559997558594,12.9449996948242,4.01900005340576
SMI_CUYLER_W,4.03532876083142,10.2495364738277,1.21441892426259,14.5916666666667,17.475,12.1125,10465.0371626062,INNER,0.988405797101449,0.294927536231884,0.133357142857143,0.261469861949305,0.172503840245776,3.54021428571429,0.704804721081521,0.426113671274962,34.05705,-120.3526,16.9640007019043,14.5559997558594,12.9449996948242,4.01900005340576
SMI_CUYLER_W,4.03532876083142,10.2495364738277,1.21441892426259,14.5916666666667,17.475,12.1125,10465.0371626062,MID,0,0,0.433071428571429,0.481862662426503,0.361443932411674,3.70735714285714,0.393985606449693,0.261136712749616,34.05705,-120.3526,16.9640007019043,14.5559997558594,12.9449996948242,4.01900005340576
SMI_CUYLER_W,4.03532876083142,10.2495364738277,1.21441892426259,14.5916666666667,17.475,12.1125,10465.0371626062,OUTER,0.10625,0.0416666666666667,0.176142857142857,0.296827780529416,0.217972350230415,3.502,0.692570894517848,0.416129032258065,34.05705,-120.3526,16.9640007019043,14.5559997558594,12.9449996948242,4.01900005340576
SMI_HARRIS_PT_RESERVE_E,3.97660141226347,10.1596347954172,1.19793185433996,14.5804054054054,17.45625,12.16875,10528.6011232939,INNER,0.240625,0.00729166666666667,0.318928571428571,0.4760443027318,0.377880184331797,3.73314285714286,0.548445115655366,0.302764976958525,34.052783,-120.337383,16.9640007019043,14.5559997558594,12.9449996948242,4.01900005340576
SMI_HARRIS_PT_RESERVE_E,3.97660141226347,10.1596347954172,1.19793185433996,14.5804054054054,17.45625,12.16875,10528.6011232939,MID,0,0,0.335571428571429,0.454112384952772,0.347465437788018,3.79014285714286,0.47595558054541,0.216436251920123,34.052783,-120.337383,16.9640007019043,14.5559997558594,12.9449996948242,4.01900005340576
SMI_HARRIS_PT_RESERVE_E,3.97660141226347,10.1596347954172,1.19793185433996,14.5804054054054,17.45625,12.16875,10528.6011232939,OUTER,0,0,0.188142857142857,0.364405906301002,0.2678955453149,3.44535714285714,0.737196212508399,0.473271889400922,34.052783,-120.337383,16.9640007019043,14.5559997558594,12.9449996948242,4.01900005340576
SMI_HARRIS_PT_RESERVE_W,2.91645275634767,7.03013847646555,0.903238528489043,14.619512195122,17.64375,12.09375,9885.38301163975,INNER,0.00833333333333333,0.00119047619047619,0.359428571428571,0.508665785218579,0.341013824884793,3.87135714285714,0.27859350193307,0.144546850998464,34.063683,-120.355983,16.9640007019043,14.5559997558594,12.9449996948242,4.01900005340576
SMI_HARRIS_PT_RESERVE_W,2.91645275634767,7.03013847646555,0.903238528489043,14.619512195122,17.64375,12.09375,9885.38301163975,MID,0,0,0.538357142857143,0.470080935008761,0.315975422427035,3.74764285714286,0.449338829063421,0.258218125960061,34.063683,-120.355983,16.9640007019043,14.5559997558594,12.9449996948242,4.01900005340576
SMI_HARRIS_PT_RESERVE_W,2.91645275634767,7.03013847646555,0.903238528489043,14.619512195122,17.64375,12.09375,9885.38301163975,OUTER,0.00238095238095238,0.00119047619047619,0.4665,0.483392182594079,0.399078341013825,3.5925,0.737310582027255,0.33394777265745,34.063683,-120.355983,16.9640007019043,14.5559997558594,12.9449996948242,4.01900005340576
SRI_CLUSTER_POINT_N,1.53419664298309,3.19583407938875,0.779712923492391,15.2568965517241,18.80625,12.225,4530.43750078636,OUTER,1.25,0.0711538461538462,0.1165,0.241685725823151,0.15752688172043,3.58908333333333,0.704205158496197,0.289605734767025,33.931667,-120.197417,17.7940006256104,14.8319997787476,12.7519998550415,5.04199981689453
SRI_CLUSTER_POINT_N,1.53419664298309,3.19583407938875,0.779712923492391,15.2568965517241,18.80625,12.225,4530.43750078636,INNER,4.62390350877193,0.478654970760234,0.1195,0.224975641110241,0.168279569892473,3.71608333333333,0.658131806139185,0.187634408602151,33.931667,-120.197417,17.7940006256104,14.8319997787476,12.7519998550415,5.04199981689453
SRI_CLUSTER_POINT_N,1.53419664298309,3.19583407938875,0.779712923492391,15.2568965517241,18.80625,12.225,4530.43750078636,MID,2.90583333333333,0.45625,0.0915,0.235208560660104,0.15,3.76641666666667,0.631755643127909,0.174731182795699,33.931667,-120.197417,17.7940006256104,14.8319997787476,12.7519998550415,5.04199981689453
SRI_CLUSTER_POINT_S,1.35531755204175,2.68368742917959,0.6952740014498,15.428125,19.03125,12.525,3945.04071597463,OUTER,0.181666666666667,0.0225,0.166571428571429,0.318671559831944,0.186635944700461,3.735,0.514770684213122,0.264055299539171,33.923833,-120.192,17.7940006256104,14.8319997787476,12.7519998550415,5.04199981689453
SRI_CLUSTER_POINT_S,1.35531755204175,2.68368742917959,0.6952740014498,15.428125,19.03125,12.525,3945.04071597463,INNER,2.54305555555556,0.221843434343434,0.0166428571428571,0.0649627711205015,0.0310291858678956,3.81964285714286,0.495950592655888,0.189861751152074,33.923833,-120.192,17.7940006256104,14.8319997787476,12.7519998550415,5.04199981689453
SRI_CLUSTER_POINT_S,1.35531755204175,2.68368742917959,0.6952740014498,15.428125,19.03125,12.525,3945.04071597463,MID,4.08287545787546,0.35018315018315,0.0285714285714286,0.0851130318357482,0.0513056835637481,3.75628571428571,0.609767344568812,0.235483870967742,33.923833,-120.192,17.7940006256104,14.8319997787476,12.7519998550415,5.04199981689453
SRI_JOHNSONS_LEE_SOUTH_E,1.72531471656753,4.1371978263298,0.727011297547477,16.1341463414634,20.30625,13.21875,5740.95709222838,OUTER,0.288541666666667,0.04453125,0.0583125,0.161104444609634,0.094489247311828,3.9139375,0.313839138122095,0.0899193548387097,33.897433,-120.100383,18.6110000610352,15.2150001525879,12.8559999465942,5.75500011444092
SRI_JOHNSONS_LEE_SOUTH_E,1.72531471656753,4.1371978263298,0.727011297547477,16.1341463414634,20.30625,13.21875,5740.95709222838,INNER,0.0716666666666667,0.0258333333333333,0.077125,0.180652997898374,0.125268817204301,3.6688125,0.731910580768577,0.297177419354839,33.897433,-120.100383,18.6110000610352,15.2150001525879,12.8559999465942,5.75500011444092
SRI_JOHNSONS_LEE_SOUTH_E,1.72531471656753,4.1371978263298,0.727011297547477,16.1341463414634,20.30625,13.21875,5740.95709222838,MID,0.489957264957265,0.067948717948718,0.2875625,0.447300909845179,0.361693548387097,3.8595625,0.423328012043504,0.130779569892473,33.897433,-120.100383,18.6110000610352,15.2150001525879,12.8559999465942,5.75500011444092
SRI_JOHNSONS_LEE_SOUTH_W,2.58767899998667,6.5966091894104,0.739690576148569,16.07625,20.7375,13.51875,5309.10541757395,OUTER,0.00208333333333333,0.00104166666666667,0.0208125,0.0646016255078311,0.0368279569892473,3.528625,0.768363112918573,0.430510752688172,33.895133,-120.104317,18.6110000610352,15.2150001525879,12.8559999465942,5.75500011444092
SRI_JOHNSONS_LEE_SOUTH_W,2.58767899998667,6.5966091894104,0.739690576148569,16.07625,20.7375,13.51875,5309.10541757395,INNER,2.00008503401361,0.385119047619048,0.03325,0.075578627566252,0.0532258064516129,3.697875,0.706606979694334,0.260887096774194,33.895133,-120.104317,18.6110000610352,15.2150001525879,12.8559999465942,5.75500011444092
SRI_JOHNSONS_LEE_SOUTH_W,2.58767899998667,6.5966091894104,0.739690576148569,16.07625,20.7375,13.51875,5309.10541757395,MID,0.797644927536232,0.239130434782609,0.0125,0.0456170933537654,0.0231182795698925,3.599375,0.717811017637051,0.366935483870968,33.895133,-120.104317,18.6110000610352,15.2150001525879,12.8559999465942,5.75500011444092
SRI_SOUTH_POINT_E,2.73273082933147,6.74160277694655,0.6638320163804,15.8901315789474,20.5928571428571,12.75,4103.43622059964,OUTER,1.96233333333333,0.181333333333333,0.14375,0.0820650739023804,0.0616935483870968,3.6459375,0.760570446826261,0.208064516129032,33.891567,-120.1192,18.6110000610352,15.2150001525879,12.8559999465942,5.75500011444092
SRI_SOUTH_POINT_E,2.73273082933147,6.74160277694655,0.6638320163804,15.8901315789474,20.5928571428571,12.75,4103.43622059964,INNER,3.66741293532338,0.437354892205638,0.1645,0.332683204504086,0.246505376344086,3.5104375,0.87341120108026,0.274462365591398,33.891567,-120.1192,18.6110000610352,15.2150001525879,12.8559999465942,5.75500011444092
SRI_SOUTH_POINT_E,2.73273082933147,6.74160277694655,0.6638320163804,15.8901315789474,20.5928571428571,12.75,4103.43622059964,MID,3.56432291666667,0.411024305555556,0.077125,0.199655257490955,0.122715053763441,3.4393125,1.01382758474855,0.314516129032258,33.891567,-120.1192,18.6110000610352,15.2150001525879,12.8559999465942,5.75500011444092
SRI_SOUTH_POINT_W,2.73273082933147,6.74160277694655,0.6638320163804,15.8901315789474,20.5928571428571,12.75,4008.98833265057,OUTER,1.9728835978836,0.236111111111111,0.227,0.405887653043424,0.276344086021505,3.7745,0.521956321566144,0.19005376344086,33.894167,-120.124883,18.6110000610352,15.2150001525879,12.8559999465942,5.75500011444092
SRI_SOUTH_POINT_W,2.73273082933147,6.74160277694655,0.6638320163804,15.8901315789474,20.5928571428571,12.75,4008.98833265057,MID,1.85901960784314,0.232843137254902,0.1605,0.301383932570713,0.218413978494624,3.751875,0.400201949744229,0.177150537634409,33.894167,-120.124883,18.6110000610352,15.2150001525879,12.8559999465942,5.75500011444092
SRI_SOUTH_POINT_W,2.73273082933147,6.74160277694655,0.6638320163804,15.8901315789474,20.5928571428571,12.75,4008.98833265057,INNER,4.41790935672515,0.494042397660819,0.1729375,0.314075355158751,0.251881720430108,3.4976875,0.929094618999564,0.247983870967742,33.894167,-120.124883,18.6110000610352,15.2150001525879,12.8559999465942,5.75500011444092
